Date,Open,High,Low,Close,Adj Close,Volume,fluctuation rate
2015.1.5,265.084015,298.753998,265.039001,265.660004,265.660004,164241500,0
2015.1.12,266.145996,272.203003,171.509995,210.339005,210.339005,363112212,-20.82
2015.1.19,211.470993,255.074005,205.153,253.718002,253.718002,189165500,20.62
2015.1.26,254.078995,309.384003,212.014999,226.972,226.972,306840500,-10.54
2015.2.2,226.490997,245.957001,214.725006,223.412003,223.412003,183691200,-1.57
2015.2.9,223.389008,265.610992,215.332001,234.824997,234.824997,230343800,5.11
2015.2.16,234.824997,255.320007,229.022003,235.977005,235.977005,154676000,0.49
2015.2.23,235.994995,261.660004,232.421005,260.201996,260.201996,138892900,10.27
2015.3.2,260.356995,285.79599,258.312988,274.354004,274.354004,242425100,5.44
2015.3.9,274.812012,300.044006,273.893005,286.393005,286.393005,259502000,4.39
2015.3.16,285.684998,294.112,248.636002,267.959991,267.959991,206778200,-6.44
2015.3.23,267.894989,277.296997,236.514999,242.712997,242.712997,179497700,-9.42
2015.3.30,242.878998,260.674988,239.214005,260.597992,260.597992,150120700,7.37
2015.4.6,260.721008,261.798004,232.770996,236.153,236.153,147866600,-9.38
2015.4.13,235.949997,236.934998,216.322998,222.600006,222.600006,158658500,-5.74
2015.4.20,222.612,237.908997,214.873993,219.429993,219.429993,148576200,-1.42
2015.4.27,219.429001,243.240005,218.022995,240.358002,240.358002,162643200,9.54
2015.5.4,240.356003,247.804001,228.572998,240.296005,240.296005,166059200,-0.03
2015.5.11,240.298996,244.270004,234.057007,236.802002,236.802002,130322100,-1.45
2015.5.18,236.886993,241.977997,231.817001,240.953003,240.953003,114746500,1.75
2015.5.25,240.927002,241.020996,229.542007,230.190002,230.190002,107149900,-4.47
2015.6.1,230.233002,231.712997,221.296005,222.880997,222.880997,121536400,-3.18
2015.6.8,222.878998,234.858002,222.839005,233.542999,233.542999,121541200,4.78
2015.6.15,233.421997,256.852997,233.421997,243.944,243.944,191537000,4.45
2015.6.22,243.968994,251.339005,240.365005,249.011002,249.011002,115888900,2.08
2015.6.29,248.720993,274.506012,248.580994,271.912994,271.912994,206668700,9.20
2015.7.6,271.108002,314.394012,264.385986,310.867004,310.867004,353198700,14.33
2015.7.13,310.826996,310.947998,272.042999,273.614014,273.614014,235861300,-11.98
2015.7.20,273.498993,293.052002,272.959991,292.686005,292.686005,157457100,6.97
2015.7.27,292.639008,297.773987,277.528992,282.614014,282.614014,162700300,-3.44
2015.8.3,282.806,285.714996,260.467987,265.083008,265.083008,207110300,-6.20
2015.8.10,265.477997,270.673004,257.040985,258.506989,258.506989,177043500,-2.48
2015.8.17,258.48999,260.505005,211.078995,228.169006,228.169006,221695600,-11.74
2015.8.24,228.112,235.218994,199.567001,228.761002,228.761002,241915000,0.26
2015.8.31,229.113998,242.912003,225.914993,239.839996,239.839996,144635800,4.84
2015.9.7,239.934006,245.781006,229.332001,230.511993,230.511993,148588700,-3.89
2015.9.14,230.608994,259.182007,227.401993,231.212006,231.212006,126654700,0.30
2015.9.21,231.216995,237.427002,225.117004,232.757004,232.757004,137307600,0.67
2015.9.28,232.835999,239.802002,232.466995,238.259003,238.259003,136796200,2.36
2015.10.5,238.147003,247.242996,237.035004,247.050003,247.050003,142478600,3.69
2015.10.12,246.875,273.578003,243.757004,261.643005,261.643005,199808300,5.91
2015.10.19,261.860992,294.05899,260.950989,283.679993,283.679993,220696500,8.42
2015.10.26,283.627991,334.169006,280.51001,325.431,325.431,357648800,14.72
2015.11.2,325.941986,495.562012,323.209015,373.368011,373.368011,954934692,14.73
2015.11.9,374.324005,385.278015,300.997009,320.165985,320.165985,484398204,-14.25
2015.11.16,319.734985,338.350006,312.21701,324.536011,324.536011,292569400,1.36
2015.11.23,324.350006,371.938995,316.769989,371.294006,371.294006,337018400,14.41
2015.11.30,371.437012,402.80899,349.464996,388.78299,388.78299,416857500,4.71
2015.12.7,389.977997,469.102997,385.411011,433.755005,433.755005,562276900,11.57
2015.12.14,433.272003,465.580994,430.455994,442.684998,442.684998,553061704,2.06
2015.12.21,442.838013,458.455994,405.76001,422.822998,422.822998,441634396,-4.49
2015.12.28,423.342987,436.246002,418.480988,430.010986,430.010986,300130400,1.70
2016.1.4,430.061005,462.93399,426.341003,447.990997,447.990997,319871700,4.18
2016.1.11,448.697998,450.661987,354.914001,382.299011,382.299011,692913108,-14.66
2016.1.18,381.733002,425.266998,375.282013,402.971008,402.971008,493900500,5.41
2016.1.25,402.316986,402.316986,365.451996,368.766998,368.766998,378185696,-8.49
2016.2.1,369.350006,391.608002,367.957001,376.619995,376.619995,337404904,2.13
2016.2.8,376.756989,407.230011,372.89801,407.230011,407.230011,465920396,8.13
2016.2.15,407.567993,448.04599,397.748993,438.798004,438.798004,546633900,7.75
2016.2.22,438.989014,439.858002,413.907013,433.503998,433.503998,465584792,-1.21
2016.2.29,433.437988,441.506989,394.035004,407.707001,407.707001,628483380,-5.95
2016.3.7,407.756989,423.925995,406.30899,414.065002,414.065002,548114688,1.56
2016.3.14,414.200989,420.997009,406.136993,413.755005,413.755005,520066400,-0.07
2016.3.21,413.417999,428.796997,410.381012,426.765015,426.765015,426699404,3.14
2016.3.28,426.548004,426.856995,412.496002,420.903992,420.903992,405154204,-1.37
2016.4.4,421.299011,425.360992,416.515015,421.563995,421.563995,415027900,0.16
2016.4.11,421.872009,432.625,420.53299,427.398987,427.398987,382137900,1.38
2016.4.18,427.610992,460.145996,427.085999,458.554993,458.554993,427064400,7.29
2016.4.25,459.121002,467.964996,436.649994,451.875,451.875,492934504,-1.46
2016.5.2,451.933014,461.375,441.776001,458.548004,458.548004,403817800,1.48
2016.5.9,458.205994,462.480988,448.95401,457.567993,457.567993,351471700,-0.21
2016.5.16,457.585999,458.200012,437.389008,439.322998,439.322998,470557100,-3.99
2016.5.23,439.347992,553.960022,438.822998,526.232971,526.232971,741517392,19.78
2016.5.30,528.471008,590.132019,520.661987,574.97699,574.97699,658668096,9.26
2016.6.6,574.60199,684.843994,567.513977,672.783997,672.783997,757909588,17.01
2016.6.13,671.653992,777.98999,662.804016,763.781006,763.781006,1553070776,13.53
2016.6.20,763.927002,764.083984,558.138977,629.367004,629.367004,1464507992,-17.60
2016.6.27,629.348999,704.968018,620.523987,658.664001,658.664001,918252000,4.65
2016.7.4,658.804016,683.661987,611.833984,649.359985,649.359985,1040574400,-1.41
2016.7.11,648.484009,682.36499,644.97998,679.458984,679.458984,682454600,4.64
2016.7.18,679.809021,681.554993,646.721985,661.284973,661.284973,607681700,-2.67
2016.7.25,661.263,661.828003,624.36499,624.68103,624.68103,747178496,-5.54
2016.8.1,624.60199,626.119019,531.333984,592.690002,592.690002,1015417588,-5.12
2016.8.8,592.736023,599.984009,564.781006,570.473022,570.473022,504473696,-3.75
2016.8.15,570.494019,584.15802,563.23999,581.307983,581.307983,364239500,1.90
2016.8.22,581.310974,589.473999,568.630005,573.911987,573.911987,545508100,-1.27
2016.8.29,574.070984,611.836975,570.810974,608.633972,608.633972,670372392,6.05
2016.9.5,608.98999,628.817993,600.505981,606.718994,606.718994,505899104,-0.31
2016.9.12,607.005005,611.952026,605.192017,609.874023,609.874023,417858304,0.52
2016.9.19,609.870972,610.932007,595.786011,600.825989,600.825989,397773096,-1.48
2016.9.26,600.807007,615.237,600.348999,610.892029,610.892029,364686600,1.68
2016.10.3,610.968018,619.848999,609.479004,616.752014,616.752014,367150204,0.96
2016.10.10,616.822021,642.89801,616.197021,641.630981,641.630981,462540104,4.03
2016.10.17,641.817993,661.129028,628.013,657.070984,657.070984,438931392,2.41
2016.10.24,657.161011,720.401978,652.594971,701.864014,701.864014,654150896,6.82
2016.10.31,702.640015,745.77301,678.156006,711.521973,711.521973,698826796,1.38
2016.11.7,710.736023,740.046021,687.315002,702.031006,702.031006,554004996,-1.33
2016.11.14,701.997009,756.237,699.807983,731.026001,731.026001,736991600,4.13
2016.11.21,731.265015,753.869995,729.625,732.034973,732.034973,528543596,0.14
2016.11.28,732.484009,781.296021,732.484009,773.872009,773.872009,552642604,5.72
2016.12.5,773.393982,777.09198,751.713013,769.731018,769.731018,578980796,-0.54
2016.12.12,770.039978,794.737,770.039978,790.530029,790.530029,538898096,2.70
2016.12.19,790.692017,925.117004,790.320007,896.182983,896.182983,1087074704,13.36
2016.12.26,896.905029,1003.080017,896.89801,998.325012,998.325012,1161413112,11.40
2017.1.2,998.617004,1191.099976,823.55603,911.198975,911.198975,2052639008,-8.73
2017.1.9,913.244019,919.447998,755.755981,821.797974,821.797974,1123984880,-9.81
2017.1.16,821.78302,937.525024,820.270996,924.672974,924.672974,883611600,12.52
2017.1.23,925.499023,928.265991,891.687012,919.495972,919.495972,693151900,-0.56
2017.1.30,920.151001,1045.900024,919.473999,1027.339966,1027.339966,1009290288,11.73
2017.2.6,1028.400024,1088.98999,946.690979,999.18103,999.18103,1227087016,-2.74
2017.2.13,998.88501,1061.099976,976.002014,1047.869995,1047.869995,763560200,4.87
2017.2.20,1048.689941,1200.390015,1041.689941,1165.199951,1165.199951,1209106992,11.20
2017.2.27,1163.780029,1280.310059,1163.380005,1267.119995,1267.119995,1546994008,8.75
2017.3.6,1267.469971,1276,1077.25,1221.380005,1221.380005,2064090976,-3.61
2017.3.13,1221.780029,1257.97998,957.655029,1036.73999,1036.73999,3296504976,-15.12
2017.3.20,1037.23999,1122.430054,903.713013,966.724976,966.724976,2483811008,-6.75
2017.3.27,972.054993,1107.589966,971.984009,1102.170044,1102.170044,2601401984,14.01
2017.4.3,1102.949951,1197.209961,1102.949951,1187.869995,1187.869995,2711437088,7.78
2017.4.10,1187.300049,1208.069946,1156.439941,1182.939941,1182.939941,1714353040,-0.42
2017.4.17,1183.25,1240.790039,1172.650024,1207.209961,1207.209961,1907337008,2.05
2017.4.24,1209.630005,1347.910034,1209.630005,1347.890015,1347.890015,2620499984,11.65
2017.5.1,1348.300049,1618.030029,1348.300049,1596.709961,1596.709961,5316902848,18.46
2017.5.8,1596.920044,1873.930054,1596.920044,1808.910034,1808.910034,5981268000,13.29
2017.5.15,1808.439941,2119.080078,1661.910034,2041.199951,2041.199951,6916110976,12.84
2017.5.22,2043.189941,2763.709961,1855.829956,2155.800049,2155.800049,12064150016,5.61
2017.5.29,2159.429932,2585.889893,2107.169922,2511.810059,2511.810059,9823705088,16.51
2017.6.5,2512.399902,2999.909912,2510.219971,2958.110107,2958.110107,11378039936,17.77
2017.6.12,2953.219971,2997.26001,2212.959961,2548.290039,2548.290039,11981910016,-13.85
2017.6.19,2549.030029,2772.01001,2549.030029,2589.409912,2589.409912,9130718976,1.61
2017.6.26,2590.570068,2615.25,2332.98999,2506.469971,2506.469971,7730852928,-3.20
2017.7.3,2498.560059,2916.139893,2480.469971,2518.439941,2518.439941,5831748992,0.48
2017.7.10,2525.25,2537.159912,1843.030029,1929.819946,1929.819946,7453121024,-23.37
2017.7.17,1932.619995,2900.699951,1932.619995,2730.399902,2730.399902,9947990080,41.48
2017.7.24,2732.699951,2897.449951,2450.800049,2757.179932,2757.179932,6942860928,0.98
2017.7.31,2763.23999,3293.290039,2668.590088,3213.939941,3213.939941,8137841920,16.57
2017.8.7,3212.780029,4208.390137,3180.889893,4073.26001,4073.26001,13618979840,26.74
2017.8.14,4066.100098,4484.700195,3906.179932,4087.659912,4087.659912,18573839872,0.35
2017.8.21,4090.47998,4455.700195,3674.580078,4382.879883,4382.879883,15749739904,7.22
2017.8.28,4384.450195,4975.040039,4224.640137,4582.959961,4582.959961,15582599936,4.57
2017.9.4,4591.629883,4661,3951.040039,4122.939941,4122.939941,15468230272,-10.04
2017.9.11,4122.470215,4344.649902,2946.620117,3582.879883,3582.879883,15563199872,-13.10
2017.9.18,3591.090088,4094.070068,3553.530029,3682.840088,3682.840088,9023459008,2.79
2017.9.25,3681.580078,4403.740234,3681.580078,4403.740234,4403.740234,9599860096,19.57
2017.10.2,4395.810059,4624.140137,4164.049805,4610.47998,4610.47998,8289027968,4.69
2017.10.9,4614.52002,5852.47998,4564.25,5678.189941,5678.189941,14840320000,23.16
2017.10.16,5687.569824,6194.879883,5151.439941,6008.419922,6008.419922,14605609856,5.82
2017.10.23,6006,6255.709961,5397.879883,6153.850098,6153.850098,14982660096,2.42
2017.10.30,6114.850098,7617.47998,6040.850098,7407.410156,7407.410156,19841690624,20.37
2017.11.6,7403.220215,7776.419922,5519.009766,5950.069824,5950.069824,32340969984,-19.67
2017.11.13,5938.25,8101.910156,5844.290039,8036.490234,8036.490234,30253229824,35.07
2017.11.20,8039.069824,9522.929688,7762.709961,9330.549805,9330.549805,30501020160,16.10
2017.11.27,9352.719727,11858.7002,9202.049805,11323.2002,11323.2002,50411559424,21.36
2017.12.4,11315.40039,18353.40039,11081.79981,15455.40039,15455.40039,92115268608,36.49
2017.12.11,15427.40039,20089,15404.79981,19140.80078,19140.80078,93877198848,23.85
2017.12.18,19106.40039,19371,11833,13925.79981,13925.79981,1.17E+11,-27.25
2017.12.25,13995.90039,16930.90039,12350.09961,14156.40039,14156.40039,88557499392,1.66
2018.1.1,14112.2002,17712.40039,13154.7002,16477.59961,16477.59961,1.24E+11,16.40
2018.1.8,16476.19922,16537.90039,13105.90039,13772,13772,1.06E+11,-16.42
2018.1.15,13767.29981,14445.5,9402.290039,11600.09961,11600.09961,97932879872,-15.77
2018.1.22,11633.09961,12040.29981,10129.7002,11786.29981,11786.29981,64691999232,1.61
2018.1.29,11755.5,11875.59961,7796.490234,8277.009766,8277.009766,60810019840,-29.77
2018.2.5,8270.540039,9122.549805,6048.259766,8129.970215,8129.970215,62489091072,-1.78
2018.2.12,8141.430176,11349.79981,8141.430176,10551.79981,10551.79981,53626569728,29.79
2018.2.19,10552.59961,11958.5,9407.05957,9664.730469,9664.730469,55388419584,-8.41
2018.2.26,9669.429688,11528.2002,9501.730469,11512.59961,11512.59961,48902649856,19.12
2018.3.5,11532.40039,11704.09961,8513.030273,9578.629883,9578.629883,49671590400,-16.80
2018.3.12,9602.929688,9937.5,7397.990234,8223.679688,8223.679688,42075919360,-14.15
2018.3.19,8344.120117,9177.370117,8182.399902,8495.780273,8495.780273,40853020160,3.31
2018.3.26,8498.469727,8530.080078,6526.870117,6844.22998,6844.22998,37970689536,-19.44
2018.4.2,6844.859863,7530.939941,6575,7023.52002,7023.52002,31804380416,2.62
2018.4.9,7044.319824,8338.419922,6661.990234,8329.110352,8329.110352,40915320320,18.59
2018.4.16,8337.570313,9001.639648,7881.720215,8802.459961,8802.459961,48741869568,5.68
2018.4.23,8794.389648,9745.320313,8727.089844,9419.080078,9419.080078,61882420224,7.01
2018.4.30,9426.110352,9964.5,8891.049805,9654.799805,9654.799805,57244449280,2.50
2018.5.7,9645.669922,9665.849609,8223.5,8723.94043,8723.94043,50119759872,-9.64
2018.5.14,8713.099609,8881.120117,7974.819824,8513.25,8513.25,42360260096,-2.42
2018.5.21,8522.330078,8557.519531,7270.959961,7368.220215,7368.220215,35808230144,-13.45
2018.5.28,7371.310059,7754.890137,7090.680176,7720.25,7720.25,35465450496,4.78
2018.6.4,7722.529785,7753.819824,6709.069824,6786.02002,6786.02002,33010609408,-12.10
2018.6.11,6799.290039,6910.180176,6285.629883,6499.27002,6499.27002,29844289792,-4.23
2018.6.18,6510.069824,6822.5,5826.410156,6173.22998,6173.22998,28592079872,-5.02
2018.6.25,6171.970215,6465.509766,5835.75,6385.819824,6385.819824,28842940160,3.44
2018.7.2,6380.379883,6885.910156,6305.700195,6773.879883,6773.879883,29906419968,6.08
2018.7.9,6775.080078,6838.680176,6136.419922,6359.640137,6359.640137,25200120064,-6.12
2018.7.16,6357.009766,7594.669922,6357.009766,7418.490234,7418.490234,34261730048,16.65
2018.7.23,7414.709961,8424.269531,7409.100098,8218.459961,8218.459961,36446479872,10.78
2018.7.30,8221.580078,8235.5,6940.700195,7068.47998,7068.47998,32425310000,-13.99
2018.8.6,7062.939941,7166.549805,6109.029785,6322.689941,6322.689941,32181950000,-10.55
2018.8.13,6341.359863,6617.350098,5971.049805,6506.069824,6506.069824,30898230000,2.90
2018.8.20,6500.509766,6816.790039,6297.930176,6707.259766,6707.259766,25842490000,3.09
2018.8.27,6710.799805,7306.310059,6689.709961,7272.720215,7272.720215,30229310000,8.43
2018.9.3,7279.029785,7388.430176,6197.52002,6300.859863,6300.859863,31456960000,-13.36
2018.9.10,6301.569824,6596.100098,6260.209961,6517.180176,6517.180176,26405400000,3.43
2018.9.17,6514.060059,6814.560059,6208.339844,6710.629883,6710.629883,32109420000,2.97
2018.9.24,6704.77002,6785.029785,6381.859863,6625.560059,6625.560059,31328000000,-1.27
2018.10.1,6619.850098,6653.299805,6454.029785,6602.950195,6602.950195,25943820000,-0.34
2018.10.8,6600.189941,6675.060059,6236.470215,6290.930176,6290.930176,26462410000,-4.73
2018.10.15,6292.640137,6965.060059,6258.680176,6482.350098,6482.350098,29669680000,3.04
2018.10.22,6486.049805,6543.799805,6447.029785,6486.390137,6486.390137,24188720000,0.06
2018.10.29,6492.350098,6547.140137,6294.569824,6376.129883,6376.129883,28245180000,-1.70
2018.11.5,6363.620117,6552.160156,6350.169922,6411.27002,6411.27002,30472560000,0.55
2018.11.12,6411.759766,6434.209961,5358.379883,5623.540039,5623.540039,36972800000,-12.29
2018.11.19,5620.779785,5620.779785,3585.060059,4009.969971,4009.969971,42533970000,-28.69
2018.11.26,4015.070068,4413.020508,3643.919922,4139.87793,4139.87793,42945276472,3.24
2018.12.3,4147.32373,4155.979492,3280.22876,3614.234375,3614.234375,38386467708,-12.70
2018.12.10,3612.046387,3647.33252,3191.303467,3252.839111,3252.839111,29869247431,-10.00
2018.12.17,3253.123047,4198.429688,3253.123047,3998.980225,3998.980225,46021506218,22.94
2018.12.24,4000.331787,4271.79248,3642.63208,3865.952637,3865.952637,39249734918,-3.33
2018.12.31,3866.839111,4093.297363,3707.231201,4076.632568,4076.632568,34343716582,5.45
2019.1.7,4078.584961,4109.020996,3544.927246,3552.953125,3552.953125,37523454177,-12.85
2019.1.14,3557.311035,3758.533447,3552.285156,3601.013672,3601.013672,38588596987,1.35
2019.1.21,3600.372803,3654.933105,3539.721436,3583.96582,3583.96582,36949379050,-0.47
2019.1.28,3584.283203,3586.750977,3400.819824,3464.013428,3464.013428,40130888766,-3.35
2019.2.4,3467.21167,3695.614014,3391.023682,3690.188232,3690.188232,41224140801,6.53
2019.2.11,3695.613037,3695.613037,3607.697754,3673.836182,3673.836182,44533597993,-0.44
2019.2.18,3671.369873,4210.641602,3669.982422,3810.42749,3810.42749,63853356366,3.72
2019.2.25,3807.002441,3913.707275,3787.058838,3847.175781,3847.175781,56444684748,0.96
2019.3.4,3845.091553,3987.237793,3733.749756,3951.599854,3951.599854,69110769320,2.71
2019.3.11,3953.740234,4077.036377,3863.559082,4025.229004,4025.229004,67357766371,1.86
2019.3.18,4029.968506,4097.359863,4005.151367,4022.168213,4022.168213,67975640775,-0.08
2019.3.25,4024.112793,4296.806641,3934.03125,4105.404297,4105.404297,71015021591,2.07
2019.4.1,4105.362305,5307.003418,4096.901367,5198.896973,5198.896973,1.23E+11,26.64
2019.4.8,5199.835449,5421.651367,4955.852539,5167.722168,5167.722168,98826873355,-0.60
2019.4.15,5167.321777,5359.924805,5024.069336,5314.53125,5314.53125,90285516253,2.84
2019.4.22,5312.494629,5642.044434,5177.368652,5285.13916,5285.13916,1.06E+11,-0.55
2019.4.29,5284.858398,5886.893555,5216.487793,5795.708496,5795.708496,1.07E+11,9.66
2019.5.6,5791.693359,7503.87207,5653.6875,6972.371582,6972.371582,1.42E+11,20.30
2019.5.13,6971.178223,8320.824219,6898.282227,8197.689453,8197.689453,2.00E+11,17.57
2019.5.20,8196.923828,8687.520508,7533.196777,8673.21582,8673.21582,1.73E+11,5.80
2019.5.27,8674.072266,9008.314453,8172.550781,8742.958008,8742.958008,1.73E+11,0.80
2019.6.3,8741.74707,8743.5,7564.48877,7688.077148,7688.077148,1.40E+11,-12.07
2019.6.10,7692.284668,9335.867188,7586.730957,8994.488281,8994.488281,1.35E+11,16.99
2019.6.17,8988.923828,11246.14453,8988.923828,10855.37109,10855.37109,1.36E+11,20.69
2019.6.24,10853.74414,13796.48926,10491.85254,10817.15527,10817.15527,2.22E+11,-0.35
2019.7.1,10796.93066,12006.0752,9737.884766,11450.84668,11450.84668,1.81E+11,5.86
2019.7.8,11446.59668,13129.5293,10234.57617,10256.05859,10256.05859,1.81E+11,-10.43
2019.7.15,10257.83887,11052.7666,9163.134766,10599.10547,10599.10547,1.57E+11,3.34
2019.7.22,10596.94824,10651.79102,9252.296875,9552.860352,9552.860352,1.12E+11,-9.87
2019.7.29,9548.178711,11009.20703,9437.335938,10970.18457,10970.18457,1.11E+11,14.84
2019.8.5,10960.73535,12273.82129,10960.73535,11523.5791,11523.5791,1.41E+11,5.04
2019.8.12,11528.18945,11528.18945,9675.316406,10345.81055,10345.81055,1.20E+11,-10.22
2019.8.19,10350.2832,10947.04199,9831.462891,10138.51758,10138.51758,1.13E+11,-2.00
2019.8.26,10126.29981,10512.32813,9421.629883,9757.970703,9757.970703,1.04E+11,-3.75
2019.9.2,9757.473633,10898.76172,9730.650391,10441.27637,10441.27637,1.16E+11,7.00
2019.9.9,10443.22852,10450.31152,9980.776367,10347.71289,10347.71289,1.03E+11,-0.90
2019.9.16,10347.22266,10386.86719,9851.692383,10070.39258,10070.39258,1.08E+11,-2.68
2019.9.23,10067.96289,10074.23828,7895.629395,8104.185547,8104.185547,1.25E+11,-19.52
2019.9.30,8104.226563,8497.692383,7830.758789,7988.155762,7988.155762,97716137179,-1.43
2019.10.7,7989.120605,8721.780273,7905.766113,8321.005859,8321.005859,1.19E+11,4.17
2019.10.14,8320.832031,8410.714844,7902.164063,8222.078125,8222.078125,1.06E+11,-1.19
2019.10.21,8225.115234,10021.74414,7446.98877,9551.714844,9551.714844,1.77E+11,16.17
2019.10.28,9565.101563,9805.118164,9028.717773,9235.354492,9235.354492,1.80E+11,-3.31
2019.11.4,9235.607422,9505.051758,8775.53418,9055.526367,9055.526367,1.61E+11,-1.95
2019.11.11,9056.917969,9081.279297,8473.973633,8577.975586,8577.975586,1.34E+11,-5.27
2019.11.18,8573.980469,8653.280273,6936.706543,7047.916992,7047.916992,1.72E+11,-17.84
2019.11.25,7039.977051,7836.102051,6617.166992,7424.29248,7424.29248,1.62E+11,5.34
2019.12.2,7424.036133,7743.431641,7170.922852,7564.345215,7564.345215,1.21E+11,1.89
2019.12.9,7561.79541,7618.091797,6924.375977,7152.301758,7152.301758,1.23E+11,-5.45
2019.12.16,7153.663086,7518.033203,6540.049316,7511.588867,7511.588867,1.65E+11,5.02
2019.12.23,7508.902344,7656.17627,7189.934082,7422.652832,7422.652832,1.62E+11,-1.18
2019.12.30,7420.272949,7544.49707,6914.996094,7411.317383,7411.317383,1.50E+11,-0.15
2020.1.6,7410.452148,8396.738281,7409.292969,8192.494141,8192.494141,1.85E+11,10.54
2020.1.13,8189.771973,9164.362305,8079.700684,8706.245117,8706.245117,2.42E+11,6.27
2020.1.20,8704.631836,8792.994141,8266.84082,8596.830078,8596.830078,1.65E+11,-1.26
2020.1.27,8597.308594,9553.125977,8597.308594,9344.365234,9344.365234,2.12E+11,8.70
2020.2.3,9344.683594,10129.43555,9112.811523,10116.67383,10116.67383,2.39E+11,8.26
2020.2.10,10115.55957,10457.62695,9722.386719,9934.433594,9934.433594,3.00E+11,-1.80
2020.2.17,9936.560547,10191.67578,9507.637695,9924.515625,9924.515625,3.03E+11,-0.10
2020.2.24,9921.583008,9951.746094,8471.212891,8562.454102,8562.454102,2.99E+11,-13.72
2020.3.2,8563.264648,9167.695313,8105.25293,8108.116211,8108.116211,2.77E+11,-5.31
2020.3.9,8111.146484,8177.793457,4106.980957,5392.314941,5392.314941,3.26E+11,-33.49
2020.3.16,5385.229492,6844.261719,4575.35791,5830.254883,5830.254883,3.10E+11,8.12
2020.3.23,5831.374512,6892.51123,5785.004395,5922.042969,5922.042969,2.72E+11,1.57
2020.3.30,5925.538574,7088.247559,5903.234375,6791.129395,6791.129395,2.60E+11,14.68
2020.4.6,6788.049805,7427.939453,6782.889648,6971.091797,6971.091797,2.74E+11,2.65
2020.4.13,6965.616699,7280.521973,6555.504395,7189.424805,7189.424805,2.48E+11,3.13
2020.4.20,7186.873535,7700.594238,6834.442383,7679.867188,7679.867188,2.48E+11,6.82
2020.4.27,7679.418945,9440.650391,7679.418945,8897.46875,8897.46875,3.28E+11,15.85
2020.5.4,8895.745117,9996.743164,8395.107422,8756.430664,8756.430664,3.61E+11,-1.59
2020.5.11,8755.535156,9823.001953,8374.323242,9670.739258,9670.739258,3.26E+11,10.44
2020.5.18,9675.695313,9906.030273,8787.250977,8790.368164,8790.368164,2.47E+11,-9.10
2020.5.25,8786.107422,9704.030273,8719.667969,9461.058594,9461.058594,2.21E+11,7.63
2020.6.1,9463.605469,10199.56543,9450.899414,9758.852539,9758.852539,1.94E+11,3.15
2020.6.8,9760.063477,9938.297852,9263.069336,9386.788086,9386.788086,1.60E+11,-3.81
2020.6.15,9386.035156,9579.430664,8990.175781,9303.629883,9303.629883,1.38E+11,-0.89
2020.6.22,9300.915039,9680.367188,8975.525391,9143.582031,9143.582031,1.26E+11,-1.72
2020.6.29,9140.029297,9309.754883,8977.015625,9073.942383,9073.942383,1.03E+11,-0.76
2020.7.6,9072.849609,9450.335938,9058.664063,9276.5,9276.5,1.14E+11,2.23
2020.7.13,9277.205078,9306.405273,9088.947266,9185.817383,9185.817383,1.06E+11,-0.98
2020.7.20,9187.220703,10023.80762,9137.509766,9905.166992,9905.166992,1.20E+11,7.83
2020.7.27,9905.217773,12034.14453,9903.969727,11053.61426,11053.61426,1.88E+11,11.59
2020.8.3,11043.76856,11902.33594,11012.41504,11675.73926,11675.73926,1.48E+11,5.63
2020.8.10,11662.25684,12150.99414,11195.70898,11892.80371,11892.80371,1.74E+11,1.86
2020.8.17,11895.6582,12359.05664,11448.80566,11664.84766,11664.84766,1.61E+11,-1.92
2020.8.24,11663.68945,11807.63184,11185.94141,11711.50586,11711.50586,1.50E+11,0.40
2020.8.31,11713.30664,12067.08106,9946.675781,10280.35156,10280.35156,2.22E+11,-12.22
2020.9.7,10280.99805,10578.83789,9916.493164,10323.75586,10323.75586,2.64E+11,0.42
2020.9.14,10328.73438,11134.09277,10266.00879,10938.27148,10938.27148,2.11E+11,5.95
2020.9.21,10934.92578,10988.30469,10197.86523,10775.26953,10775.26953,2.63E+11,-1.49
2020.9.28,10776.61328,10945.34766,10416.68945,10669.58301,10669.58301,3.43E+11,-0.98
2020.10.5,10676.5293,11442.21094,10528.89063,11384.18164,11384.18164,2.57E+11,6.70
2020.10.12,11392.63574,11698.46777,11223.0127,11483.35938,11483.35938,1.62E+11,0.87
2020.10.19,11495.03809,13329.18359,11408.29004,13031.17383,13031.17383,2.11E+11,13.48
2020.10.26,13031.20117,14028.21387,12822.38281,13737.10938,13737.10938,2.41E+11,5.42
2020.11.2,13737.03223,15903.4375,13243.16016,15479.56738,15479.56738,2.38E+11,12.68
2020.11.9,15479.5957,16463.17773,14865.5293,15955.58789,15955.58789,2.06E+11,3.08
2020.11.16,15955.57715,18936.62109,15880.70606,18370.00195,18370.00195,2.75E+11,15.13
2020.11.23,18370.01758,19390.96484,16351.03516,18177.48438,18177.48438,3.02E+11,-1.05
2020.11.30,18178.32227,19845.97461,18178.32227,19345.12109,19345.12109,2.53E+11,6.42
2020.12.7,19343.12891,19411.82813,17619.5332,19142.38281,19142.38281,1.94E+11,-1.05
2020.12.14,19144.49219,24209.66016,19012.70898,23477.29492,23477.29492,2.82E+11,22.65
2020.12.21,23474.45508,28288.83984,22159.36719,26272.29492,26272.29492,3.39E+11,11.91
2020.12.28,26280.82227,34608.55859,25987.29883,32782.02344,32782.02344,3.80E+11,24.78
2021.1.4,32810.94922,41946.73828,28722.75586,38356.44141,38356.44141,5.39E+11,17.00
2021.1.11,38346.53125,39966.40625,30549.59961,35791.27734,35791.27734,5.09E+11,-6.69
2021.1.18,35792.23828,37755.89063,28953.37305,32289.37891,32289.37891,4.23E+11,-9.78
2021.1.25,32285.79883,38406.26172,29367.13867,33114.35938,33114.35938,4.95E+11,2.55
2021.2.1,33114.57813,40846.54688,32384.22852,38903.44141,38903.44141,4.50E+11,17.48
2021.2.8,38886.82813,49487.64063,38076.32422,48717.28906,48717.28906,5.80E+11,25.23
2021.2.15,48696.53516,58330.57031,46347.47656,57539.94531,57539.94531,4.71E+11,18.11
2021.2.22,57532.73828,57533.39063,43241.61719,45137.76953,45137.76953,7.67E+11,-21.55
2021.3.1,45159.50391,52535.13672,45115.09375,51206.69141,51206.69141,3.33E+11,13.45
2021.3.8,51174.11719,61683.86328,49506.05469,59302.31641,59302.31641,3.74E+11,15.81
2021.3.15,59267.42969,60540.99219,53555.02734,57523.42188,57523.42188,3.94E+11,-3.00
2021.3.22,57517.89063,58471.48047,50856.57031,55950.74609,55950.74609,4.03E+11,-2.73
2021.3.29,55947.89844,60267.1875,55139.33984,58758.55469,58758.55469,4.08E+11,5.02
2021.4.5,58760.875,61276.66406,55604.02344,60204.96484,60204.96484,4.07E+11,2.46
2021.4.12,60175.94531,64863.09766,52829.53516,56216.18359,56216.18359,5.08E+11,-6.63
2021.4.19,56191.58594,57520.05469,47159.48438,49004.25391,49004.25391,4.45E+11,-12.83
2021.4.26,49077.79297,58448.33984,48852.79688,56631.07813,56631.07813,3.35E+11,15.56
2021.5.3,56620.27344,59464.61328,52969.05469,58232.31641,58232.31641,4.59E+11,2.83
2021.5.10,58250.87109,59519.35547,43963.35156,46456.05859,46456.05859,4.84E+11,-20.22
2021.5.17,46415.89844,46623.55859,30681.49609,34770.58203,34770.58203,5.64E+11,-25.15
2021.5.24,34700.36328,40782.07813,33520.73828,35678.12891,35678.12891,3.50E+11,2.61
2021.5.31,35658.59375,39478.95313,34241.94531,35862.37891,35862.37891,2.49E+11,0.52
2021.6.7,35835.26563,39322.78125,31114.44336,39097.85938,39097.85938,2.98E+11,9.02
2021.6.14,39016.96875,41295.26953,33432.07422,35698.29688,35698.29688,2.70E+11,-8.70
2021.6.21,35641.14453,35721.64063,28893.62109,34649.64453,34649.64453,3.06E+11,-2.94
2021.6.28,34679.12109,36542.10938,32770.67969,35287.78125,35287.78125,2.32E+11,1.84
2021.7.5,35284.34375,35284.34375,32133.18359,34240.1875,34240.1875,1.78E+11,-2.97
2021.7.12,34254.01563,34592.15625,31100.67383,31796.81055,31796.81055,1.48E+11,-7.14
2021.7.19,31800.01172,35364.92578,29360.95508,35350.1875,35350.1875,1.56E+11,11.18
2021.7.26,35384.03125,42541.67969,35287.3125,39974.89453,39974.89453,2.38E+11,13.08
2021.8.2,39907.26172,45282.35156,37458.00391,43798.11719,43798.11719,2.27E+11,9.56
2021.8.9,43791.92578,48098.68359,42848.6875,47047.00391,47047.00391,2.34E+11,7.42
2021.8.16,47019.96094,49717.01953,43998.31641,49321.65234,49321.65234,2.36E+11,4.83
2021.8.23,49291.67578,50482.07813,46394.28125,48829.83203,48829.83203,2.24E+11,-1.00
2021.8.30,48834.85156,51868.67969,46562.4375,51753.41016,51753.41016,2.56E+11,5.99
2021.9.6,51769.00391,52853.76563,43285.20703,46063.26953,46063.26953,2.93E+11,-10.99
2021.9.13,46057.21484,48791.78125,43591.32031,47260.21875,47260.21875,2.26E+11,2.60
2021.9.20,47261.40625,47328.19922,39787.60938,43208.53906,43208.53906,2.70E+11,-8.57
2021.9.27,43234.18359,49130.69141,40829.66797,48199.95313,48199.95313,2.23E+11,11.55
2021.10.4,48208.90625,56401.30469,47045.00391,54771.57813,54771.57813,2.62E+11,13.63
2021.10.11,54734.125,62757.12891,54370.97266,61553.61719,61553.61719,2.77E+11,12.38
2021.10.18,61548.80469,66930.39063,59643.34375,60930.83594,60930.83594,2.58E+11,-1.01
2021.10.25,60893.92578,63729.32422,58206.91797,61318.95703,61318.95703,2.56E+11,0.64
2021.11.1,61320.44922,64242.79297,59695.18359,63326.98828,63326.98828,2.27E+11,3.27
2021.11.8,63344.06641,68789.625,62333.91406,65466.83984,65466.83984,2.60E+11,3.38
2021.11.15,65521.28906,66281.57031,55705.17969,58730.47656,58730.47656,2.53E+11,-10.29
2021.11.22,58706.84766,59367.96875,53569.76563,57248.45703,57248.45703,2.44E+11,-2.52
2021.11.29,57291.90625,59113.40234,42874.61719,49368.84766,49368.84766,2.77E+11,-13.76
2021.12.6,49413.48047,51934.78125,46942.34766,50098.33594,50098.33594,2.08E+11,1.48
2021.12.13,50114.74219,50205,45598.44141,46707.01563,46707.01563,2.15E+11,-6.77
2021.12.20,46707.0625,51814.02734,45579.80859,50809.51563,50809.51563,1.75E+11,8.78
2021.12.27,50802.60938,51956.32813,45819.95313,47345.21875,47345.21875,2.04E+11,-6.82
2022.1.3,47343.54297,47510.72656,40672.27734,41911.60156,41911.60156,2.76E+11,-11.48
2022.1.10,41910.23047,44278.42188,39796.57031,43113.87891,43113.87891,1.99E+11,2.87
2022.1.17,43118.12109,43413.02344,34349.25,36276.80469,36276.80469,1.96E+11,-15.86
2022.1.24,36275.73438,38825.41016,33184.05859,37917.60156,37917.60156,1.79E+11,4.52
2022.1.31,37920.28125,42500.78516,36375.53906,42412.43359,42412.43359,1.44E+11,11.85
2022.2.7,42406.78125,45661.17188,41748.15625,42197.51563,42197.51563,1.77E+11,-0.51
2022.2.14,42157.39844,44667.21875,38112.8125,38431.37891,38431.37891,1.45E+11,-8.93
2022.2.21,38423.21094,40005.34766,34459.21875,37709.78516,37709.78516,1.90E+11,-1.88
2022.2.28,37706,45077.57813,37518.21484,38419.98438,38419.98438,1.88E+11,1.88
2022.3.7,38429.30469,42465.67188,37260.20313,37849.66406,37849.66406,1.76E+11,-1.48
2022.3.14,37846.31641,42316.55469,37680.73438,41247.82422,41247.82422,1.84E+11,8.98
2022.3.21,41246.13281,46827.54688,40668.04297,46820.49219,46820.49219,1.89E+11,13.51
2022.3.28,46821.85156,48086.83594,44403.14063,46453.56641,46453.56641,2.23E+11,-0.78
2022.4.4,46445.27344,47106.14063,42021.20703,42207.67188,42207.67188,1.89E+11,-9.14
2022.4.11,42201.03906,42424.58984,39373.05859,39716.95313,39716.95313,1.75E+11,-5.90
2022.4.18,39721.20313,42893.58203,38696.19141,39469.29297,39469.29297,1.84E+11,-0.62
2022.4.25,39472.60547,40713.89063,37585.78906,38469.09375,38469.09375,2.17E+11,-2.53
2022.5.2,38472.1875,39902.94922,33878.96484,34059.26563,34059.26563,2.39E+11,-11.46
2022.5.9,34060.01563,34222.07422,26350.49023,31305.11328,31305.11328,3.58E+11,-8.09
2022.5.16,31304.375,31305.3418,28708.95508,30323.72266,30323.72266,1.96E+11,-3.13
2022.5.23,30309.39648,30590.58594,28261.90625,29445.95703,29445.95703,2.13E+11,-2.89
2022.5.30,29443.36523,32249.86328,29303.57227,29906.66211,29906.66211,2.03E+11,1.56
2022.6.6,29910.2832,31693.29102,26762.64844,26762.64844,26762.64844,2.16E+11,-10.51
2022.6.13,26737.57813,26795.58984,17708.62305,20553.27148,20553.27148,3.10E+11,-23.20
2022.6.20,20553.37109,21783.72461,19689.16992,21027.29492,21027.29492,1.76E+11,2.31
2022.6.27,21028.23828,21478.08984,18729.65625,19297.07617,19297.07617,1.57E+11,-8.23
2022.7.4,19297.31445,22314.94141,19063.06641,20860.44922,20860.44922,2.07E+11,8.10
2022.7.11,20856.35352,21600.64063,18999.95313,20779.34375,20779.34375,1.87E+11,-0.39
2022.7.18,20781.91211,24196.81836,20781.91211,22609.16406,22609.16406,2.44E+11,8.81
2022.7.25,22607.15625,24572.58008,20776.81641,23336.89648,23336.89648,2.24E+11,3.22
2022.8.1,23336.71875,23578.65039,22485.70117,23175.89063,23175.89063,1.66E+11,-0.69
2022.8.8,23179.52734,24974.91406,22771.51953,24319.33398,24319.33398,1.95E+11,4.93
2022.8.15,24318.31641,25135.58984,20856.73047,21534.12109,21534.12109,2.09E+11,-11.45
2022.8.22,21531.46289,21804.9082,19616.81445,19616.81445,19616.81445,2.23E+11,-8.90
2022.8.29,19615.1543,20542.64453,19600.78516,19986.71289,19986.71289,2.09E+11,1.89
2022.9.5,19988.78906,21770.55273,18644.4668,21769.25586,21769.25586,2.60E+11,8.92
2022.9.12,21770.14844,22673.82031,19387.49219,19419.50586,19419.50586,2.62E+11,-10.79
2022.9.19,19418.57227,19674.63086,18290.31445,18802.09766,18802.09766,2.53E+11,-3.18
2022.9.26,18803.90039,20338.45508,18553.29688,19044.10742,19044.10742,2.80E+11,1.29
2022.10.3,19044.06836,20408.39258,19025.22656,19446.42578,19446.42578,1.97E+11,2.11
2022.10.10,19446.41602,19889.14648,18319.82227,19268.09375,19268.09375,1.98E+11,-0.92
2022.10.17,19268.5625,19666.99414,18770.9707,19567.00781,19567.00781,1.76E+11,1.55
2022.10.24,19567.76953,20988.39453,19206.32422,20635.60352,20635.60352,3.02E+11,5.46
2022.10.31,20633.69531,21446.88672,20086.24023,20926.48633,20926.48633,3.21E+11,1.41
2022.11.7,20924.62109,21053.24609,15682.69238,16353.36523,16353.36523,4.71E+11,-21.85
2022.11.14,16352.02832,17109.32422,15872.94141,16291.83203,16291.83203,2.12E+11,-0.38
2022.11.21,16291.22363,16771.47461,15599.04688,16444.62695,16444.62695,1.84E+11,0.94
2022.11.28,16440.22266,17197.49805,16054.53027,17130.48633,17130.48633,1.56E+11,4.17
2022.12.5,17128.89453,17378.15234,16750.55859,17104.19336,17104.19336,1.29E+11,-0.15
2022.12.12,17102.5,18318.53125,16584.70117,16757.97656,16757.97656,1.42E+11,-2.02
2022.12.19,16759.04102,17012.98438,16398.13672,16841.98633,16841.98633,1.08E+11,0.50
2022.12.26,16842.25,16959.8457,16408.47461,16625.08008,16625.08008,95526200508,-1.29
2023.1.2,16625.50977,17091.14453,16572.22852,17091.14453,17091.14453,90012614323,2.80
2023.1.9,17093.99219,21075.14258,17093.99219,20880.79883,20880.79883,1.75E+11,22.17
2023.1.16,20882.22461,23282.34766,20541.54492,22720.41602,22720.41602,1.89E+11,8.81
2023.1.23,22721.08789,23919.89063,22406.07617,23774.56641,23774.56641,1.77E+11,4.64
2023.1.30,23774.64844,24167.21094,22657.58203,22955.66602,22955.66602,1.71E+11,-3.44
2023.2.6,22954.02148,23367.95898,21539.39258,21788.20313,21788.20313,1.70E+11,-5.09
2023.2.13,21787,25134.11719,21460.08789,24327.64258,24327.64258,2.09E+11,11.66
2023.2.20,24336.62305,25126.85156,22861.55859,23561.21289,23561.21289,1.80E+11,-3.15
2023.2.27,23561.45117,23880.63281,22198.98047,22435.51367,22435.51367,1.39E+11,-4.78
2023.3.6,22436.81641,22584.29297,19628.25391,22163.94922,22163.94922,1.92E+11,-1.21
2023.3.13,22156.40625,28440.56055,21918.19922,28038.67578,28038.67578,3.06E+11,26.51
2023.3.20,28041.60156,28803.33594,26759.99609,27994.33008,27994.33008,1.92E+11,-0.16
2023.3.27,27994.06836,29159.90234,26606.68945,28199.30859,28199.30859,1.21E+11,0.73
2023.4.3,28183.08008,28739.23828,27276.7207,28333.05078,28333.05078,98141424556,0.47
2023.4.10,28336.02734,31005.60742,28189.27148,30315.35547,30315.35547,1.23E+11,7.00
2023.4.17,30317.14648,30470.30273,27169.57031,27591.38477,27591.38477,1.30E+11,-8.99
2023.4.24,27591.73047,29995.83789,27070.84961,29268.80664,29268.80664,1.37E+11,6.08
2023.5.1,29227.10352,29820.12695,27680.79297,28454.97852,28454.97852,1.15E+11,-2.78
2023.5.8,28450.45703,28663.27148,25878.42969,26930.63867,26930.63867,1.10E+11,-5.36
2023.5.15,26931.38477,27646.34766,26415.10156,26753.82617,26753.82617,84459727715,-0.66
2023.5.22,26749.89258,28193.44922,25890.59375,28085.64648,28085.64648,90053064704,4.98
2023.5.29,28075.5918,28432.03906,26574.64453,27119.06641,27119.06641,91351657572,-3.44
2023.6.5,27123.10938,27332.18164,25434.86719,25940.16797,25940.16797,1.16E+11,-4.35
2023.6.12,25934.28516,26769.39453,24797.16797,26336.21289,26336.21289,92905085602,1.53
2023.6.19,26335.44141,31389.53906,26312.83203,30480.26172,30480.26172,1.38E+11,15.74
2023.6.26,30480.52344,31256.86328,29600.27539,30620.76953,30620.76953,1.07E+11,0.46
2023.7.3,30624.51563,31460.05273,29777.28516,30171.23438,30171.23438,90491031635,-1.47
2023.7.10,30172.42383,31814.51563,29966.38672,30249.13281,30249.13281,1.03E+11,0.26
2023.7.17,30249.62695,30336.40039,29556.42773,30084.53906,30084.53906,81229098742,-0.54
2023.7.24,30081.66211,30093.39453,28934.29492,29275.30859,29275.30859,76309629498,-2.69
2023.7.31,29278.31445,29987.99805,28657.02344,29041.85547,29041.85547,87827001052,-0.80
2023.8.7,29038.51367,30176.79688,28724.14063,29282.91406,29282.91406,85153014454,0.83
2023.8.14,29283.26367,29660.25391,25409.11133,26189.58398,26189.58398,1.16E+11,-10.56
2023.8.21,26188.69141,26786.89844,25520.72852,26089.69336,26089.69336,83086807452,-0.38
2023.8.28,26089.61523,28089.33789,25362.60938,25969.56641,25969.56641,1.13E+11,-0.46
2023.9.4,25968.16992,26414.00586,25404.35938,25832.22656,25832.22656,69814611152,-0.53
2023.9.11,25831.71484,26840.49805,24930.29688,26534.1875,26534.1875,85796699860,2.72
2023.9.18,26532.99414,27488.76367,26221.05078,26256.82617,26256.82617,82251905213,-1.05
2023.9.25,26253.77539,28047.23828,26011.46875,27983.75,27983.75,73012240734,6.58
2023.10.2,27976.79883,28494.45898,27215.55273,27935.08984,27935.08984,82183775698,-0.17
2023.10.9,27934.47266,27989.4707,26558.32031,27159.65234,27159.65234,72673654487,-2.78
2023.10.16,27162.62891,30287.48242,27130.47266,29993.89648,29993.89648,1.13E+11,10.44
2023.10.23,30140.68555,35150.43359,30097.82813,34538.48047,34538.48047,1.66E+11,15.15
2023.10.30,34531.74219,35919.84375,34083.30859,35049.35547,35049.35547,1.16E+11,1.48
2023.11.6,35044.78906,37926.25781,34545.81641,37054.51953,37054.51953,1.35E+11,5.72
2023.11.13,37070.30469,37964.89453,34948.5,37386.54688,37386.54688,1.44E+11,0.90
2023.11.20,37374.07422,38415.33984,35670.97266,37479.12109,37479.12109,1.30E+11,0.25
2023.11.27,37454.19141,40135.60547,36750.12891,39978.39063,39978.39063,1.34E+11,6.67
2023.12.4,39978.62891,44705.51563,39978.62891,43779.69922,43779.69922,1.89E+11,9.51
2023.12.11,43792.01953,43808.375,40234.57813,41364.66406,41364.66406,1.68E+11,-5.52
2023.12.18,41348.20313,44367.95703,40530.25781,43016.11719,43016.11719,1.52E+11,3.99
2023.12.25,43010.57422,43804.78125,41424.0625,42099.40234,42099.40234,1.25E+11,-2.13
2023.12.31,42152.09766,42386.05859,42152.09766,42189.97656,42189.97656,16042776576,0.22